ad_number,title,type,Service/Office,Office of Primary Responsibility,published_date,effective_date,CFR Part Reference,CFR Subpart/Appendix Reference,CFR Section Reference
90-06-03 R1,Airworthiness Directives; CESSNA Model 172 Airplanes,AD Final Rules,,,03/03/2011,03/27/1991,Part 39,,
71-18-01,Airworthiness Directives; CESSNA Model 172 Series Airplanes,AD Final Rules,,,03/03/2011,08/31/1971,Part 39,,
74-04-01,Airworthiness Directives; CESSNA Model 172 Series Airplanes,AD Final Rules,,,03/03/2011,02/12/1974,Part 39,,
2011-06-02,Airworthiness Directives; Cessna Aircraft Company (Cessna) Model 172 Airplanes Modified by Supplemental Type Certificate (STC) SA01303WI,AD Final Rules,,,05/11/2011,05/26/2011,Part 39,,
2013-03-15,Airworthiness Directives; Cessna Aircraft Company Airplanes,AD Final Rules,,,02/12/2013,03/19/2013,Part 39,,
2012-02-02,Airworthiness Directives; Cessna Aircraft Company Airplanes,AD Final Rules,,,02/07/2012,03/13/2012,Part 39,,
2012-22-01,Airworthiness Directives; Cessna Aircraft Company Airplanes,AD Final Rules,,,11/23/2012,12/28/2012,Part 39,,
98-02-05,Cessna Aircraft Company Model 172R,AD Final Rules,,,11/08/2010,,Part 39,,
69-15-03,"Airworthiness Directives; CESSNA Models 170, 172, and 175 Series Airplanes",AD Final Rules,,,03/03/2011,08/20/1969,Part 39,,
70-10-06,Airworthiness Directives; CESSNA Model 172I and 172K Airplanes,AD Final Rules,,,08/09/2011,,Part 39,,
2008-02-18,Airworthiness Directives; Cessna Aircraft Company 172 and 182 Series Airplanes,AD Final Rules,,,01/24/2008,02/28/2008,Part 39,,
83-10-03,"Airworthiness Directives; Cessna Model 172M, 172N, 172P, R172K, F172 and FR172 Airplanes",AD Final Rules,,,08/10/2011,06/30/1983,Part 39,,
81-16-09,"Airworthiness Directives; Cessna Model 172N, 172P, R172K, 172RG, F172, FR172 Airplanes",AD Final Rules,,,08/10/2011,08/13/1981,Part 39,,
99-27-02,"Airworthiness Directives; Cessna Aircraft Company 170, 172, 175, and 177 Series Airplanes",AD Final Rules,,,12/29/1999,01/21/2000,Part 39 (64 FR 72919 12/29/99),,
2013-11-11,Airworthiness Directives; Cessna Aircraft Company Airplanes,AD Final Rules,,,06/27/2013,08/01/2013,Part 39,,
80-19-08,Airworthiness Directives; Cessna Model 172RG Airplanes,AD Final Rules,,,08/10/2011,09/15/1980,Part 39,,
98-14-07,Airworthiness Directives; Cessna Model 172R Airplanes,AD Final Rules,,,08/10/2011,08/16/1998,Part 39 [63 FR 35796 No. 126 07/01/98],,
98-13-41,Airworthiness Directives; Cessna Model 172R Airplanes,AD Final Rules,,,08/10/2011,08/18/1998,Part 39 [63 FR 34800 No. 123 06/26/98],,
98-25-03,Airworthiness Directives; Cessna Model 172R Airplanes,AD Final Rules,,,12/03/1998,12/18/1998,Part 39 [63 FR 66744 No. 232  12/03/98],,
85-20-01,Airworthiness Directives; Cessna Model 172RG Airplanes,AD Final Rules,,,08/10/2011,12/05/1985,Part 39,,
80-07-03,Airworthiness Directives; Cessna Model R172K Airplanes,AD Final Rules,,,08/12/2011,03/31/1980,Part 39,,
81-14-06,Airworthiness Directives; Cessna Model 172RG Airplanes,AD Final Rules,,,08/10/2011,07/13/1981,Part 39,,
83-14-04,Airworthiness Directives; Cessna Model 172RG Airplanes,AD Final Rules,,,08/10/2011,07/20/1983,Part 39,,
99-18-14,Airworthiness Directives; Cessna Model 172R Airplanes,AD Final Rules,,,09/01/1999,09/27/1999,Part 39 [64 FR 47658 No. 169  09/01/99],,
97-12-06,Airworthiness Directives; Cessna Model 172R Airplanes,AD Final Rules,,,06/13/2012,07/15/1997,Part 39 (62 FR 36652  NO. 131  07/09/97),,
68-19-05,"Airworthiness Directives; CESSNA Model 172B, 172C, 172D, 172E, 172F, and 172G Airplanes",AD Final Rules,,,11/17/2015,09/13/1968,Part 39,,
2001-06-17,Airworthiness Directives; Cessna Aircraft Company Models 172R and 172S Airplanes,AD Final Rules,,,03/30/2001,04/20/2001,Part 39,,
71-22-02,"Airworthiness Directives; CESSNA Models 150, 172, 175 and 182 Series Airplanes",AD Final Rules,,,03/03/2011,11/09/1971,Part 39,,
73-17-01,"Airworthiness Directives; CESSNA Models 170, 172, 175, 180 and 182 Airplanes",AD Final Rules,,,03/03/2011,08/16/1973,Part 39,,
81-05-01,"Airworthiness Directives; Cessna Model 152, A152, 172N, 172P, R172K and 172RG Airplanes",AD Final Rules,,,08/09/2011,03/02/1981,Part 39,,
77-02-09,"Airworthiness Directives; CESSNA Models 150, A150, 172, R172, 182, 206 and 207 Airplanes",AD Final Rules,,,03/03/2011,02/03/1977,Part 39,,
2001-23-03,"Airworthiness Directives; Cessna Aircraft Company Models 172N, 172P, R172K, 172RG, F172N, F172P, FR172J, and FR172K Airplanes",AD Final Rules,,,11/15/2001,12/27/2001,Part 39,,
76-21-06,"Airworthiness Directives; CESSNA Models 172M, 172N. 177B and 177RG Airplanes",AD Final Rules,,,08/09/2011,10/26/1976,Part 39,,
72-07-02,"Airworthiness Directives; CESSNA Models 172, 172A, 172B, 172C, 172D, 172E, 172F, 172G, 172H, 172I, 172K, Airplanes",AD Final Rules,,,03/03/2011,03/25/1972,Part 39,,
68-17-04,"Airworthiness Directives; CESSNA Model 150, 172, 177, 180, 185, F150, and F172H Airplanes",AD Final Rules,,,03/03/2011,09/07/1968,Part 39,,
74-06-02,"Airworthiness Directives; Cessna Models 150, 170, 172 and 175 and Piper Model PA-28-140 Airplanes",AD Final Rules,AIR-700: Compliance & Airworthiness Division,AIR-720: Operational Safety Branch,03/13/1974,03/18/1974,Part 39,,
98-01-01,CESSNA AIRCRAFT COMPANY Models 172R and 182S Airplanes,AD Final Rules,,,11/08/2010,,Part 39,,
73-23-07,"Airworthiness Directives; CESSNA Models 150, A150, 172, 180, 182, 185 Airplanes",AD Final Rules,,,03/03/2011,11/19/1973,Part 39,,
98-02-05,Airworthiness Directives; Cessna Aircraft Company Model 172R Airplanes,AD Final Rules,,,11/08/2010,02/23/1998,Part 39 [63 FR 5879  NO. 24  02/05/98],,
2001-06-06,Airworthiness Directives; Cessna Aircraft Company Model 172RG Airplanes,AD Final Rules,,,03/28/2001,05/14/2001,Part 39 [66 FR 16846  3/28/2001],,
97-01-13,"Airworthiness Directives; Cessna 100, 200, 300, and 400 Series Airplanes",AD Final Rules,,,03/02/2011,02/03/1997,Part 39 (62 FR 3200  NO. 14  01/22/97),,
73-20-04,Airworthiness Directives; CESSNA Model R172E (T-41B) Airplanes,AD Final Rules,,,08/12/2011,10/03/1973,Part 39,,
2005-05-53 R1,"Airworthiness Directives; The Cessna Aircraft Company Models 172R, 172S, 182T, and T182T Airplanes",AD Final Rules,,,03/21/2005,03/21/2005,Part 39,,
82-07-02,"Airworthiness Directives; Cessna Models 170A, 170B, 172, 172A through 172P, 175, 175A, 175B, 175C, P172D, and R172E (USAF T-41B) Airplanes",AD Final Rules,,,03/03/2011,04/08/1982,Part 39,,
2008-05-09,"Airworthiness Directives; Cessna Aircraft Company 172, 182, and 206 Series Airplanes",AD Final Rules,,,03/04/2008,04/08/2008,Part 39,,
2008-10-02,"Airworthiness Directives; Cessna Aircraft Company 172, 175, 180, 182, 185, 206, 207, 208, 210, and 303 Series Airplanes",AD Final Rules,,,05/02/2008,05/12/2008,Part 39,,
80-06-03,"Airworthiness Directives; Cessna Models 150M, A150M, 152, A152, 172N and R172K Airplanes",AD Final Rules,,,08/09/2011,04/21/1980,Part 39,,
98-01-01,Airworthiness Directives; Cessna Aircraft Company Models 172R and 182S Airplanes,AD Final Rules,,,01/23/1998,02/02/1998,Part 39,,
93-24-15,"Airworthiness Directives; Cessna Models 150F, 150G, 150H, 150J, F150F, F150G, F150H, and F150J, 172E, 172F, 172G, 172H, 172I, 172K, F172E, F172F, F172G, F172H, FR172E, FR172F, FR172G, 180H, 180J, 185D, 185E, 185F, R172E, R172F, R172G, R172H Airplanes",AD Final Rules,,,11/17/2015,02/11/1994,Part 39,,
2007-08-03,"Airworthiness Directives; Cessna Aircraft Company Models 172R, 172S, 182T, T182T, 206H, and T206H Airplanes",AD Final Rules,,,04/12/2007,05/02/2007,Part 39,,
2005-13-10,"Airworthiness Directives; Cessna Aircraft Company Models 172R, 172S, 182T, T182T, 206H, and T206H Airplanes",AD Final Rules,,,06/22/2005,08/09/2005,Part 39,,
2006-17-04,"Airworthiness Directives; The Cessna Aircraft Company Models 172R, 172S, 182T, T182T, 206H, and T206H Airplanes",AD Final Rules,,,08/18/2006,09/01/2006,Part 39,,
2007-05-10,"Airworthiness Directives; Cessna Aircraft Company Models 172R, 172S, 182S, 182T, T182T, 206H, and T206H Airplanes",AD Final Rules,,,03/07/2007,04/11/2007,Part 39,,
83-22-06,"Airworthiness Directives; Cessna Model 152, A152, 172N, 172P, 172Q, 172RG, R172K 180K 182Q, 182R, T182, R182, TR182, A185F, F152, FA152, F172N, F172P, FR172K, F182Q, and FR182 Airplanes",AD Final Rules,,,08/09/2011,11/08/1983,Part 39,,
2004-15-18,"Airworthiness Directives; Cessna Aircraft Company Models 172R, 172S, 182S, 182T, T182T, 206H, and T206H Airplanes",AD Final Rules,,,07/30/2004,09/12/2004,Part 39,,
59-10-03,"Airworthiness Directives; CESSNA Models 172, 180, 180A, 182, and 182A Airplanes",AD Final Rules,,,03/03/2011,,Part 39,,
2008-26-10,"Airworthiness Directives; Cessna Aircraft Company 172, 175, 177, 180, 182, 185, 206, 207, 208, 210, 303, 336, and 337 Series Airplanes",AD Final Rules,,,11/16/2010,01/05/2009,Part 39,,
2018-02-04,"Airworthiness Directives; Aerospace Welding Minneapolis, Inc., Mufflers",AD Final Rules,,,01/17/2018,02/21/2018,Part 39,,
80-01-06,"Airworthiness Directives; Cessna Model 152/F152, A152/FA152 and 172RG Airplanes",AD Final Rules,,,08/09/2011,01/07/1980,Part 39,,
2000-06-01,"Airworthiness Directives; Cessna Aircraft Company 150, 152, 172, 177, 180, 182, 185, 188, 206, 207, 210, and 337 Series Airplanes",AD Final Rules,,,03/22/2000,05/05/2000,Part 39 (65 FR 15232  3/22/2000),,
83-17-06,"Airworthiness Directives; Cessna Models 180 through 180H, 180J and 180K 150D through 150L 185, 185A through 185E, A185E, A185F, 182 through 182R, R182, T182 and TR182, 172 and 172A through 172P Airplanes",AD Final Rules,,,03/03/2011,09/01/1983,Part 39,,
72-03-03 R3,"Airworthiness Directives; CESSNA Models 150F, G, H, J, K, L, F150F, G, H, J, K, L, A150K, L, FA150K, L, 172F, G, H, I, K, L, F172F, G, H, K, R172E, F, G, H, FR172E, F, G, H, 177, 177A, B, 177RG, F177RG, 182E, F, G, H, J, K, L, M, N, A182J, K, L, M, N, 205, 205A, 206, P206, P206A, B, C, D, E, and , TP206A, B, C, D, E, U206, U206A, B, C, D, E, and , TU206A, B, C, D, E, 207 and T207, 210D, E, F, G, H, J, K, T210F, G, H, J Airplanes",AD Final Rules,,,11/17/2015,10/15/1984,Part 39,,
86-24-07,"Airworthiness Directives; Cessna Models 150C thru 150M, A150K thru A150M, 152, A152, 172D thru 172N, R172K, P172D, 177 thru 177B, 177RG, 180F thru 180K, 182F thru 182Q, R182, 185B thru 185E, A185E, A185F, 188, A188, A188A, 188B, A188B, 205, 205A, 206, U206, U206A thru U206G, TU206A thru TU206G, P206, P206A thru P206E, TP206A thru TP206E, 207, 207A, T207, T207A, 210C thru 210M, T210K thru T210M, T210F thru T210J, P210N, F150F thru F150M, FA150K, FA150L, FRA150L, FRA150M, F152, FA152, FP172, F172D thru F172N, FR172E thru FR172K, F177RG, F182P",AD Final Rules,,,03/02/2011,01/07/1987,Part 39,,
74-08-01,"Airworthiness Directives; Aircraft Radio Corporation: Applies to Aircraft Radio Corporation Autopilot Servo Actuators PA-500A, PA-520A, or PA-520B Used In 300 and 400 Series Cessna Autopilots and 300, 400 and 800 Series IFCS",AD Final Rules,,,06/09/2011,04/09/1974,Part 39,,
2011-10-09,"Airworthiness Directives; Cessna Aircraft Company Models 150, 152, 170, 172, 175, 177, 180, 182, 185, 188, 190, 195, 206, 207, 210, T303, 336, and 337 Airplanes",AD Final Rules,,,05/13/2011,06/17/2011,Part 39,,
2004-19-01,"Airworthiness Directives; Cessna Aircraft Company 120, 140, 140A, 150, F150, 170, 172, F172, FR172, P172D, 175, 177, 180, 182, 185, A185E, 190, 195, 206, P206, U206, TP206, TU206, 207, T207, 210, T210, 336, 337, and T337 Series Airplanes",AD Final Rules,,,12/16/2004,11/01/2004,Part 39,,
79-10-14 R1,"Airworthiness Directives; CESSNA Models 140A, 150, A150, 170, 172, 175, P172D, R172, 177, 180, 182, 185, A185, 188, A188, 205, 206, U206, TU206, P206, TP206, 207, T207, 210, T210, 336, 337, T337, M337B Series Airplanes",AD Final Rules,,,03/03/2011,05/30/1988,Part 39,,
76-04-03,"Airworthiness Directives; CESSNA Models 172L & M, F172K, L & M, FR172H & J, 177B, 177RG, F177RG, 180H & J, 182N & P, A185E & F, P206E, TP206E, U206E & F, TU206E & F, 207, T207, 210K & L, T210K & L, 310Q, T310Q, 310R, T310R, 337E, F, & G, T337E & F, F337E, F, G, T337G, F337GP, 340, 401B, 402B, 414, and 421B Airplanes",AD Final Rules,,,03/03/2011,02/26/1976,Part 39,,
79-08-03,"Airworthiness Directives; CESSNA Models 120, 140, 150, A150, 170, 172, R172, P172, 175, 177, 177RG, 180, 182, 185, 188, 190, 195, 210-5 (205), 210-5A (205A), 206, U206, TU206, P206, TP206, 207, 210, and T210 Series Airplanes",AD Final Rules,,,03/03/2011,06/06/1979,Part 39,,
80-25-07 R1,Airworthiness Directives; STEWART-WARNER CORPORATION Oil Coolers,AD Final Rules,AIR-700: Compliance & Airworthiness Division,AIR-720: Operational Safety Branch,09/24/1981,09/24/1981,Part 39,,
2020-18-01,Airworthiness Directives; Textron Aviation Inc. Airplanes,AD Final Rules,,,10/07/2020,11/12/2020,Part 39,,
86-19-11,"Airworthiness Directives; Cessna Models R172 thru R172K, FR172E thru FR172K, 177 thru 177B and 177RG, F177RG, 185 thru 185E, A185E, A185F, A188, A188A, A188B, T188C, 205 and 205A, 206, U206, U206A thru U206G, TU206A thru TU206G, P206, P206A thru P206E, TP206A thru TP206E, 207 and 207A, T207 and T207A. 210B thru 210R, T210F thru T210R, P210N and P210R Airplanes",AD Final Rules,,,03/02/2011,10/04/1986,Part 39,,
77-12-08,"Airworthiness Directives; CESSNA Models 172M, 172N, R172K, 177B, 177RG, 180J, 180K, 182P, 182Q, A185F, U206F/TU206F, U206G/TU206G, 207/T207, 207A/T207A, 210L/T210L, 337G and T337G Airplanes",AD Final Rules,,,08/10/2011,06/27/1977,Part 39,,
96-09-06,"Airworthiness Directives; Brackett Aircraft Company, Inc. Air Filter Assemblies Installed on Airplanes",AD Final Rules,AIR-700: Compliance & Airworthiness Division,AIR-720: Operational Safety Branch,04/29/1996,06/07/1996,Part 39 (61 FR 18667  NO. 83  04/29/96),,
81-15-03,"Airworthiness Directives; BRACKETT AIRCRAFT COMPANY, INC. Brackett Aircraft Specialties, Inc.: Applies to Brackett Aircraft Company, Inc., Engine Inlet Air Filters",AD Final Rules,AIR-700: Compliance & Airworthiness Division,AIR-720: Operational Safety Branch,07/13/1981,07/20/1981,Part 39,,
96-12-22,Airworthiness Directives; Cessna Aircraft Company Engine Oil Filter Adapter Assemblies Installed on Aircraft,AD Final Rules,AIR-700: Compliance & Airworthiness Division,AIR-720: Operational Safety Branch,06/17/1996,07/31/1996,Part 39 (61 FR 30501  NO. 117  06/17/96),,
98-14-03,Airworthiness Directives; AlliedSignal Inc. KT 76A Air Traffic Control (ATC) Transponders.,AD Final Rules,AIR-700: Compliance & Airworthiness Division,AIR-720: Operational Safety Branch,07/01/1998,08/16/1998,Part 39 [63 FR 35787 No. 126 07/01/98],,
85-23-07,"Airworthiness Directives; KING RADIO CORPORATION Models KFC 150, KAP 150 and KAP 100 Autopilot Systems",AD Final Rules,AIR-700: Compliance & Airworthiness Division,AIR-720: Operational Safety Branch,01/21/1987,01/27/1986,Part 39,,
98-21-21 R1,Airworthiness Directives; Bob Fields Aerocessories Inflatable Door Seals,AD Final Rules,AIR-700: Compliance & Airworthiness Division,AIR-720: Operational Safety Branch,03/09/2000,05/01/2000,Part 39 [65 FR 12463  3/9/2000],,
2006-03-08,Airworthiness Directives; Aero Advantage ADV200 Series (Part Numbers ADV211CC and ADV212CW) Vacuum Pumps,AD Final Rules,,,02/07/2006,03/10/2006,Part 39,,
98-25-02,"Airworthiness Directives; BF Goodrich Avionics Systems, Inc. SKYWATCH SKY497 Installations with a Top-Mounted Antenna",AD Final Rules,AIR-700: Compliance & Airworthiness Division,AIR-720: Operational Safety Branch,12/03/1998,12/22/1998,Part 39 (63 FR 66746 No. 232  12/03/98),,
78-01-14,Airworthiness Directives; CESSNA Model 182 Series Airplanes,AD Final Rules,,,03/03/2011,01/23/1978,Part 39,,
2005-25-08,Airworthiness Directives; Shadin ADC-2000 Air Data Computers,AD Final Rules,AIR-700: Compliance & Airworthiness Division,AIR-720: Operational Safety Branch,12/12/2005,01/23/2006,Part 39,,
98-04-38,"Airworthiness Directives; Cessna Model 500, 501, 550, 551, and 560 Series Airplanes",AD Final Rules,,,03/03/2011,03/25/1998,Part 39 [63 FR 8089  NO. 32  02/18/98],,
67-26-04,"Airworthiness Directives; WESTON GARWIN CARRUTH: Applies to Aircraft Equipped with Model 22-374 Series Altimeters, except those Altimeters which have been Modified and Marked with a White : ""M-1"" on the Back of the Instrument",AD Final Rules,,,09/16/1967,,Part 39,,
2005-01-19,"Airworthiness Directives; GARMIN International Inc. GTX 33, GTX 33D, GTX 330, and GTX 330D Mode S Transponders",AD Final Rules,AIR-700: Compliance & Airworthiness Division,AIR-720: Operational Safety Branch,01/19/2005,02/23/2005,Part 39,,
95-09-13,"Airworthiness Directives; Cessna Aircraft Company Models T303, 402C, 404, 414A, and 421C Airplanes",AD Final Rules,,,05/08/1995,06/14/1995,Part 39 [60 FR 22496  NO. 88  5/8/95],,
80-21-03,"Airworthiness Directives; Cessna Model 210K, 210L, 210M, 210N, T210K, T210L, T210M, T210N and P210N Airplanes",AD Final Rules,,,08/10/2011,10/23/1980,Part 39,,
2006-12-07,Airworthiness Directives; Engine Components Inc. (ECi) Reciprocating Engine Cylinder Assemblies,AD Final Rules,AIR-700: Compliance & Airworthiness Division,AIR-720: Operational Safety Branch,06/06/2006,07/11/2006,Part 39,,
98-04-28,"Airworthiness Directives; Cessna Models T303, 310R, T310R, 335, 340A, 402B, 402C, 404, F406, 414, 414A, 421B, 421C, 425, and 441 Airplanes.",AD Final Rules,,,02/17/1998,03/13/1998,Part 39 [63 FR 7684 No. 31 02/17/98],,
2007-04-19R1,"Airworthiness Directives; Superior Air Parts, Inc. (SAP), Cylinder Assemblies Part Numbers Series: SA47000L, SA47000S, SA52000, SA55000, SL32000W, SL32000WH, SL32006W, SL36000TW, SL36000W, and SL36006W",AD Final Rules,,,04/02/2007,05/07/2007,Part 39,,
77-16-01,MCCAULEY PROPELLERS Models,AD Final Rules,,,12/13/2011,08/09/1977,Part 39,,
93-05-06,Airworthiness Directives; ACS PRODUCTS COMPANY AND GERDES PRODUCTS COMPANY Ignition Switches,AD Final Rules,,,04/26/2011,04/29/1993,Part 39,,
2009-26-12,"Airworthiness Directives; Engine Components, Inc. (ECi) Reciprocating Engine Cylinder Assemblies",AD Final Rules,,,12/31/2009,02/04/2010,Part 39,,
98-23-01,"Airworthiness Directives; PARKER HANNIFIN CORPORATION Dry Air Pumps, Conversion Kits, and Coupling Kits",AD Final Rules,,,12/02/2011,,Part 39,,
98-23-01,"Airworthiness Directives; Parker Hannifan Airborne Dry Air Pumps, Conversion Kits, and Coupling Kits",AD Final Rules,,,11/17/1998,11/20/1998,Part 39 [63 FR 63784 No. 221  11/17/98],,
79-08-06,Airworthiness Directives; MARVEL-SCHEBLER/TILLOTSON: Applies to HAJ-6 Part Number 10-5243 Carburetors,AD Final Rules,,,12/13/2011,04/25/1979,Part 39,,
64-24-04,"MCCAULEY Models 2A36, B2A36, C2A36, D2A36, 2D36 Series Propellers",AD Final Rules,,,10/24/1964,11/20/1964,Part 39,,
2003-05-01,"Airworthiness Directives; Wytwornia Sprzetu Komunikacyjnego (WSK) PZL-Rzeszow S.A. Franklin 6A-350-C1, -C1A, -C1L, -C1R -C2, -C2A, and 4A-235 Series Reciprocating Engines",AD Final Rules,,,03/06/2003,03/21/2003,Part 39,,
2009-22-03,"Airworthiness Directives; Hartzell Propeller Inc. ()HC-()2Y(K,R)- () Series Propellers",AD Final Rules,AIR-700: Compliance & Airworthiness Division,AIR-750: East Certification Branch,10/27/2009,11/12/2009,Part 39,,
2008-06-52,Airworthiness Directives; Thielert Aircraft Engines GmbH (TAE) Model TAE 125-02-99 Engines,AD Final Rules,,,04/15/2008,04/30/2008,Part 39,,
2010-04-06,Airworthiness Directives; Thielert Aircraft Engines GmbH (TAE) Model TAE 125-01 Reciprocating Engines,AD Final Rules,,,02/23/2010,03/30/2010,Part 39,,
98-04-36,Airworthiness Directives; Gulfstream Model G-159 Series Airplanes,AD Final Rules,,,02/18/1998,03/25/1998,Part 39 [63 FR 8082  NO. 32  02/18/98],,
2009-24-10,Airworthiness Directives; Thielert Aircraft Engines GmbH (TAE) Model TAE 125-01 Reciprocating Engines,AD Final Rules,,,11/27/2009,01/04/2010,Part 39,,
2010-14-21,Airworthiness Directives; Thielert Aircraft Engines GmbH Model TAE 125-01 Reciprocating Engines,AD Final Rules,,,07/13/2010,08/17/2010,Part 39,,
98-04-18,Airworthiness Directives; AeroSpace Technologies of Australia Pty Ltd. Models N22B and N24A Airplanes.,AD Final Rules,,,02/17/1998,03/13/1998,Part 39 [63 FR 7660 NO. 31 02/17/98],,
98-04-20,"Airworthiness Directives; Partenavia Costruzioni Aeronauticas, S.p.A. Model P68, AP68TP 300, AP68TP 600 Airplanes",AD Final Rules,,,02/17/1998,03/13/1998,Part 39 [63 FR 7680 NO. 31 02/17/98],,
98-04-19,Airworthiness Directives; Harbin Aircraft Manufacturing Corporation Model Y12 IV Airplanes,AD Final Rules,,,02/17/1998,03/13/1998,Part 39 [63 FR 7689 NO. 31 02/17/98],,
98-04-21,"Airworthiness Directives; Pilatus Britten-Norman Limited Models BN-2A, BN-2B, and BN-2T Airplanes.",AD Final Rules,,,02/17/1998,03/13/1998,Part 39 [63 FR 7676 No. 31 02/17/98],,
98-04-37,"Airworthiness Directives; Sabreliner Model NA-265-40, -60, -70, and -80 Series Airplanes",AD Final Rules,,,02/18/1998,03/25/1998,Part 39 [63 FR 8086  NO. 32  02/18/98],,
2012-26-13,Airworthiness Directives; Thielert Aircraft Engines GmbH Reciprocating Engines,AD Final Rules,,,01/09/2013,02/13/2013,Part 39,,
93-11-03,"TELEDYNE CONTINENTAL MOTORS Models O-200A, O-300A, O-300C, and O-300D Engines",AD Final Rules,,,12/15/2011,07/13/1993,Part 39,,
2008-22-23,Airworthiness Directives; Thielert Aircraft Engines GmbH (TAE) Model TAE 125-02-99 Reciprocating Engines,AD Final Rules,,,11/04/2008,11/19/2008,Part 39,,
2020-26-06,Airworthiness Directives; Technify Motors GmbH (Type Certificate Previously Held by Thielert Aircraft Engines GmbH) Reciprocating Engines,AD Final Rules,,,12/14/2020,12/29/2020,Part 39,,
98-04-32,Airworthiness Directives; Lockheed Model L-14 and L-18 Series Airplanes,AD Final Rules,,,02/18/1998,03/25/1998,Part 39 [63 FR 8066  NO. 32  02/18/98],,
98-04-22,"Airworthiness Directives; SOCATA - Groupe AEROSPATIALE, Model TBM 700 Airplanes",AD Final Rules,,,02/17/1998,03/13/1998,Part 39 [63 FR 7648 No. 31 02/17/98],,
98-04-33,Airworthiness Directives; Gulfstream American (Frakes Aviation) Model G-73 (Mallard) and G-73T Series Airplanes,AD Final Rules,,,02/18/1998,03/25/1998,Part 39 [63 FR 8070  NO. 32  02/18/98],,
98-04-23,"Airworthiness Directives; Aerostar Aircraft Corporation Models PA-60-600, PA-60-601, PA-60-601P, PA-60-602P, and PA-60-700P Airplanes.",AD Final Rules,,,02/17/1998,03/13/1998,Part 39 [63 FR 7672 No. 31 02/17/98],,
98-04-25,Airworthiness Directives; Raytheon Aircraft Company Model 2000 Airplanes,AD Final Rules,,,11/15/2011,03/13/1998,Part 39 [63 FR 7664 No. 31 02/17/98],,
98-04-24,"Airworthiness Directives; Raytheon Aircraft Company Models E55, E55A, 58, 58A, 58P, 58PA, 58TC, 58TCA Airplanes, and 60, 65-B80, 65-B90, 90, F90, 100, 300, and B300 Series Airplanes",AD Final Rules,,,02/17/1998,03/13/1998,Part 39 [63 FR 7656 No. 31 02/17/98],,
2011-05-06,Airworthiness Directives; Thielert Aircraft Engines GmbH Models TAE 125-02-99 and TAE 125-02-114 Reciprocating Engines,AD Final Rules,,,02/23/2011,03/30/2011,Part 39,,
98-20-28,Airworthiness Directives; Pilatus Aircraft Ltd. Models PC-12 and PC-12/45 Airplanes,AD Final Rules,,,09/24/1998,11/04/1998,Part 39 [63 FR 50986 No. 185  09/24/98],,
98-04-34,Airworthiness Directives; Mitsubishi Model YS-11 and YS-11A Series Airplanes,AD Final Rules,,,12/13/2011,03/25/1998,Part 39 [63 FR 8074  NO. 32  02/18/98],,
2006-10-21,Airworthiness Directives; Engine Components Incorporated (ECi) Reciprocating Engine Connecting Rods,AD Final Rules,,,06/16/2006,06/22/2006,Part 39,,
98-04-31,Airworthiness Directives; Fairchild Model F27 and FH227 Series Airplanes,AD Final Rules,,,11/29/2010,03/25/1998,Part 39 [63 FR 8062  NO. 32  02/18/98],,
98-04-26,Airworthiness Directives; The New Piper Aircraft Corporation Models PA-46-310P and PA-46-350P Airplanes,AD Final Rules,AIR-700: Compliance & Airworthiness Division,AIR-720: Operational Safety Branch,02/17/1998,03/13/1998,Part 39 [63 FR 7652 No. 31 02/17/98],,
2003-06-02,"Airworthiness Directives; Hartzell Propeller Inc. Model HC- C2Y(K,R)-1BF/F8477-4 Propellers",AD Final Rules,,,03/25/2003,04/29/2003,Part 39,,
93-10-02,"TELEDYNE CONTINENTAL MOTORS Models (TCM) O-200, O-300, IO/TSIO/LTSIO-360, O/IO/TSIO-470, IO/TSIO/LTSIO/GTSIO-520, and IO/TSIO/TSIOL-550 Series Engines",AD Final Rules,,,04/21/2011,08/12/1993,Part 39,,
92-12-05,"TEXTRON LYCOMING Models O-320, IO-320, LIO-320, AIO-320, AEIO-320, O-340, O-360, LO-360, HO-360, VO-360, IVO-360, IO-360, AIO-360, HIO-360, LHIO-360, LIO-360, AEIO-360, TO-360, LTO-360, TIO-360, O-480, GSO-480, IGSO-480, IGO-480, GO-480, O-540 (excluding models O-540-J and O-540-L), VO-540, IO-540 (excluding model IO-540-W), HIO-540, AEIO-540, IGSO-540, IGO-540, TVO-540, TIVO-540, IVO-540, TIO-540, LTIO-540, TIO-541, TIGO-541, and IO-720 Series Engines",AD Final Rules,,,05/20/2014,07/10/1992,Part 39,,
2005-18-12,Airworthiness Directives; Hartzell Propeller Inc. Propellers,AD Final Rules,,,09/09/2005,10/14/2005,Part 39,,
98-20-34,"Airworthiness Directives; Twin Commander Aircraft Corporation Models 500, 500-A, 500-B, 500-S, 500-U, 520, 560, 560-A, 560-E, 560-F, 680, 680-E, 680FL(P), 680T, 680V, 680W, 681, 685, 690, 690A, 690B, 690C, 690D, 695, 695A, 695B, and 720 Airplanes.",AD Final Rules,,,09/28/1998,11/03/1998,Part 39 [63 FR 51520 No 187  09/28/98],,
98-05-15,"Airworthiness Directives; SIAI Marchetti, S.r.1 Models SF600 and SF600A Airplanes.",AD Final Rules,,,03/04/1998,04/30/1998,Part 39 [63 FR 10523 No. 42 03/04/98],,
95-07-01,"Airworthiness Directives; Textron Lycoming O-360, LO-360, HO-360, HIO-360, TIO-360, LIO-360, AEIO-360, O-540, IO-540, TIO-540, LTIO-540, IVO-540, AEIO-540, TIO-541, and IO-720 Series Reciprocating Engines",AD Final Rules,,,03/28/1995,04/12/1995,Part 39 [60 FR 15864  NO. 59  3/28/95],,
2000-05-24,Airworthiness Directives; Honeywell International Inc. KAP 140 and KFC 225 Autopilot Systems,AD Final Rules,,,03/20/2000,04/12/2000,Part 39 [65 FR 14831  3/20/2000],,
95-11-08,Hartzell Propeller Inc. Models HC-92WK-( ) and HC-92ZK-( ) Propellers,AD Final Rules,,,05/26/1995,06/12/1995,Part 39 [60 FR 27871  NO. 102  5/26/95],,
2001-23-17,Airworthiness Directives; GARMIN International GNS 430 Units,AD Final Rules,AIR-700: Compliance & Airworthiness Division,AIR-720: Operational Safety Branch,12/03/2001,12/28/2001,Part 39,,
2003-01-03,Airworthiness Directives; Hartzell Propeller Inc. Model ( )HC-( )2Y( )-( ) propellers,AD Final Rules,,,01/08/2003,01/23/2003,Part 39,,
2005-11-05,"Airworthiness Directives; Precise Flight, Inc. Models SVS I and SVS IA Standby Vacuum Systems",AD Final Rules,,,06/07/2005,07/18/2005,Part 39,,
2015-23-09,Airworthiness Directives; Zodiac Aerotechnics (Formerly Intertechnique Aircraft Systems),AD Final Rules,,,11/20/2015,12/28/2015,Part 39,,
2019-01-02,"Airworthiness Directives; Aspen Avionics, Inc., Evolution Flight Display Units",AD Final Rules,,,01/23/2019,02/07/2019,Part 39,,
99-19-09,Airworthiness Directives; Fairchild Model F-27 and FH-227 Series Airplanes,AD Final Rules,,,11/22/1999,12/27/1999,Part 39 [64 FR 63591  11/22/99],,
2020-16-08,"Airworthiness Directives; Aspen Avionics, Inc.",AD Final Rules,,,08/17/2020,08/17/2020,Part 39,,
94-05-05 R1,"TELEDYNE CONTINENTAL ENGINES AND ROLLS-ROYCE, PLC Model C75, C85, C90, C125, C145, O-200, O-300, and GO-300 Series and Rolls-Royce, plc (R-R) C90, O-200 and O-300 Series Engines",AD Final Rules,,,12/14/2011,02/13/1996,Part 39,,
97-18-02R1,"Airworthiness Directives; Hartzell Propeller Inc. ( )HC-( )(2,3)(X,V)( )-( ) Series and HA-A2V20-1B Series Propellers with Aluminum Blades",AD Final Rules,,,06/26/2003,07/31/2003,Part 39,,
2022-03-15,Airworthiness Directives; Various Airplanes,AD Final Rules,AIR-700: Compliance & Airworthiness Division,AIR-760: Central Certification Branch,02/14/2022,03/21/2022,Part 39,,
99-24-10,"Airworthiness Directives; Precise Flight, Inc. Model SVS III Standby Vacuum Systems",AD Final Rules,,,11/30/1999,01/14/2000,Part 39 (64 FR 66747  11/30/99),,
96-18-14,"Hartzell Propeller Inc. Models HC-A3V, HC-B3M, HC-B3T, HC-B4M, HC-B4T, and HC-B5M Series Propellers",AD Final Rules,,,09/11/1996,10/16/1996,Part 39 [61 FR 47809  NO. 177  09/11/96],,
2013-10-04,"Airworthiness Directives; Piper Aircraft, Inc. Airplanes",AD Final Rules,AIR-700: Compliance & Airworthiness Division,AIR-720: Operational Safety Branch,09/05/2013,07/17/2013,Part 39,,
98-04-35,Airworthiness Directives; McDonnell Douglas Model DC-3 and DC-4 Series Airplanes,AD Final Rules,,,02/18/1998,03/25/1998,Part 39 (63 FR 8078  NO. 32  02/18/98),,
2016-16-12,"Airworthiness Directives; Continental Motors, Inc. Reciprocating Engines",AD Final Rules,,,08/11/2016,09/15/2016,Part 39,,
96-09-25,Airworthiness Directives; de Havilland Model DHC-7 and DHC-8 Series Airplanes,AD Final Rules,,,03/16/2011,06/11/1996,Part 39,,